category,tp,fp,fn,tn,tpr,fpr,passed
CWE-113,0,0,1,1,0.0000,0.0000,false
CWE-116,0,0,1,1,0.0000,0.0000,false
CWE-119,0,0,1,1,0.0000,0.0000,false
CWE-125,0,0,1,1,0.0000,0.0000,false
CWE-1336,0,0,1,1,0.0000,0.0000,false
CWE-200,0,0,1,1,0.0000,0.0000,false
CWE-201,0,0,1,1,0.0000,0.0000,false
CWE-22,0,0,1,1,0.0000,0.0000,false
CWE-284,0,0,1,1,0.0000,0.0000,false
CWE-287,0,0,1,1,0.0000,0.0000,false
CWE-306,0,0,1,1,0.0000,0.0000,false
CWE-328,0,0,1,1,0.0000,0.0000,false
CWE-330,0,0,1,1,0.0000,0.0000,false
CWE-352,0,0,1,1,0.0000,0.0000,false
CWE-362,0,0,1,1,0.0000,0.0000,false
CWE-400,0,0,1,1,0.0000,0.0000,false
CWE-416,0,0,1,1,0.0000,0.0000,false
CWE-501,0,0,1,1,0.0000,0.0000,false
CWE-502,0,0,1,1,0.0000,0.0000,false
CWE-532,0,0,1,1,0.0000,0.0000,false
CWE-601,0,0,1,1,0.0000,0.0000,false
CWE-611,0,0,1,1,0.0000,0.0000,false
CWE-614,0,0,1,1,0.0000,0.0000,false
CWE-639,0,0,1,1,0.0000,0.0000,false
CWE-643,0,0,1,1,0.0000,0.0000,false
CWE-776,0,0,1,1,0.0000,0.0000,false
CWE-78,0,0,1,1,0.0000,0.0000,false
CWE-787,0,0,1,1,0.0000,0.0000,false
CWE-79,1,0,0,1,1.0000,0.0000,true
CWE-840,0,0,1,1,0.0000,0.0000,false
CWE-841,0,0,1,1,0.0000,0.0000,false
CWE-862,0,0,1,1,0.0000,0.0000,false
CWE-863,0,0,1,1,0.0000,0.0000,false
CWE-89,1,0,0,1,1.0000,0.0000,true
CWE-90,0,0,1,1,0.0000,0.0000,false
CWE-918,0,0,1,1,0.0000,0.0000,false
CWE-94,0,0,1,1,0.0000,0.0000,false
CWE-943,0,0,1,1,0.0000,0.0000,false
RUST-BUILD-RS-EXECUTION,0,0,1,1,0.0000,0.0000,false
RUST-FFI-BOUNDARY,1,0,0,1,1.0000,0.0000,true
RUST-PANIC-DOS,0,0,1,1,0.0000,0.0000,false
RUST-PROC-MACRO-EXECUTION,0,0,1,1,0.0000,0.0000,false
RUST-UNSAFE-BLOCK,0,0,1,1,0.0000,0.0000,false
TOTAL,3,0,40,43,0.0698,0.0000,false
