case_id,category,control,expected_disposition,scored_in_accuracy,required_evidence_grade,repository_path,route,source_location,sink_location,rule_id,reason_code
cwe-113-vulnerable,CWE-113,vulnerable,FINDING,true,RUNTIME_SEMANTIC,apps/axum-product,/parity/vulnerable,/parity/vulnerable,http_response,IAST.HTTP_HEADER.INJECTION,
cwe-113-safe,CWE-113,safe,CLEAN,true,CLOSED_DENOMINATOR,apps/axum-product,/parity/safe,/parity/safe,http_response,,
cwe-113-unknown,CWE-113,unknown,UNKNOWN,false,CAPABILITY_GAP,apps/axum-product,/parity/unknown,/parity/unknown,http_response,,rust_http_response_semantic_coordinate_unresolved
cwe-113-unsupported,CWE-113,unsupported,UNSUPPORTED,false,UNSUPPORTED_COORDINATE,controls/unqualified-coordinate,,controls/unqualified-coordinate,unqualified runtime or framework coordinate,,
cwe-116-vulnerable,CWE-116,vulnerable,FINDING,true,RUNTIME_SEMANTIC,apps/axum-product,/parity/vulnerable,/parity/vulnerable,output_encoding,IAST.OUTPUT_ENCODING.INJECTION,
cwe-116-safe,CWE-116,safe,CLEAN,true,CLOSED_DENOMINATOR,apps/axum-product,/parity/safe,/parity/safe,output_encoding,,
cwe-116-unknown,CWE-116,unknown,UNKNOWN,false,CAPABILITY_GAP,apps/axum-product,/parity/unknown,/parity/unknown,output_encoding,,rust_output_encoding_semantic_coordinate_unresolved
cwe-116-unsupported,CWE-116,unsupported,UNSUPPORTED,false,UNSUPPORTED_COORDINATE,controls/unqualified-coordinate,,controls/unqualified-coordinate,unqualified runtime or framework coordinate,,
cwe-119-vulnerable,CWE-119,vulnerable,FINDING,true,RUNTIME_MEMORY,apps/axum-product,/rust-specific/cwe-119/vulnerable,/rust-specific/cwe-119/vulnerable,rust_memory_generic,IAST.RUST.MEMORY.BOUNDS,
cwe-119-safe,CWE-119,safe,CLEAN,true,CLOSED_DENOMINATOR,apps/axum-product,/rust-specific/cwe-119/safe,/rust-specific/cwe-119/safe,rust_memory_generic,,
cwe-119-unknown,CWE-119,unknown,UNKNOWN,false,CAPABILITY_GAP,apps/axum-product,/rust-specific/cwe-119/unknown,/rust-specific/cwe-119/unknown,rust_memory_generic,,rust_memory_generic_semantic_coordinate_unresolved
cwe-119-unsupported,CWE-119,unsupported,UNSUPPORTED,false,UNSUPPORTED_COORDINATE,controls/unqualified-coordinate,,controls/unqualified-coordinate,unqualified runtime or framework coordinate,,
cwe-125-vulnerable,CWE-125,vulnerable,FINDING,true,RUNTIME_MEMORY,apps/axum-product,/rust-specific/cwe-125/vulnerable,/rust-specific/cwe-125/vulnerable,rust_memory_read,IAST.RUST.MEMORY.OUT_OF_BOUNDS_READ,
cwe-125-safe,CWE-125,safe,CLEAN,true,CLOSED_DENOMINATOR,apps/axum-product,/rust-specific/cwe-125/safe,/rust-specific/cwe-125/safe,rust_memory_read,,
cwe-125-unknown,CWE-125,unknown,UNKNOWN,false,CAPABILITY_GAP,apps/axum-product,/rust-specific/cwe-125/unknown,/rust-specific/cwe-125/unknown,rust_memory_read,,rust_memory_read_semantic_coordinate_unresolved
cwe-125-unsupported,CWE-125,unsupported,UNSUPPORTED,false,UNSUPPORTED_COORDINATE,controls/unqualified-coordinate,,controls/unqualified-coordinate,unqualified runtime or framework coordinate,,
cwe-1336-vulnerable,CWE-1336,vulnerable,FINDING,true,RUNTIME_SEMANTIC,apps/axum-product,/parity/vulnerable,/parity/vulnerable,template,IAST.TEMPLATE.INJECTION,
cwe-1336-safe,CWE-1336,safe,CLEAN,true,CLOSED_DENOMINATOR,apps/axum-product,/parity/safe,/parity/safe,template,,
cwe-1336-unknown,CWE-1336,unknown,UNKNOWN,false,CAPABILITY_GAP,apps/axum-product,/parity/unknown,/parity/unknown,template,,rust_template_semantic_coordinate_unresolved
cwe-1336-unsupported,CWE-1336,unsupported,UNSUPPORTED,false,UNSUPPORTED_COORDINATE,controls/unqualified-coordinate,,controls/unqualified-coordinate,unqualified runtime or framework coordinate,,
cwe-200-vulnerable,CWE-200,vulnerable,FINDING,true,RUNTIME_VALUE_FLOW,apps/axum-product,/parity/vulnerable,/parity/vulnerable,sensitive_data,IAST.SENSITIVE_DATA.RESPONSE_EXPOSURE,
cwe-200-safe,CWE-200,safe,CLEAN,true,CLOSED_DENOMINATOR,apps/axum-product,/parity/safe,/parity/safe,sensitive_data,,
cwe-200-unknown,CWE-200,unknown,UNKNOWN,false,CAPABILITY_GAP,apps/axum-product,/parity/unknown,/parity/unknown,sensitive_data,,rust_sensitive_data_semantic_coordinate_unresolved
cwe-200-unsupported,CWE-200,unsupported,UNSUPPORTED,false,UNSUPPORTED_COORDINATE,controls/unqualified-coordinate,,controls/unqualified-coordinate,unqualified runtime or framework coordinate,,
cwe-201-vulnerable,CWE-201,vulnerable,FINDING,true,RUNTIME_VALUE_FLOW,apps/axum-product,/parity/vulnerable,/parity/vulnerable,sensitive_data,IAST.SENSITIVE_DATA.OUTBOUND_EXPOSURE,
cwe-201-safe,CWE-201,safe,CLEAN,true,CLOSED_DENOMINATOR,apps/axum-product,/parity/safe,/parity/safe,sensitive_data,,
cwe-201-unknown,CWE-201,unknown,UNKNOWN,false,CAPABILITY_GAP,apps/axum-product,/parity/unknown,/parity/unknown,sensitive_data,,rust_sensitive_data_semantic_coordinate_unresolved
cwe-201-unsupported,CWE-201,unsupported,UNSUPPORTED,false,UNSUPPORTED_COORDINATE,controls/unqualified-coordinate,,controls/unqualified-coordinate,unqualified runtime or framework coordinate,,
cwe-22-vulnerable,CWE-22,vulnerable,FINDING,true,RUNTIME_EFFECT,apps/axum-product,/files/{value},/files/{value},filesystem,IAST.FILESYSTEM.INJECTION,
cwe-22-safe,CWE-22,safe,CLEAN,true,CLOSED_DENOMINATOR,apps/axum-product,/files/constant,/files/constant,filesystem,,
cwe-22-unknown,CWE-22,unknown,UNKNOWN,false,CAPABILITY_GAP,apps/axum-product,/parity/unknown,/parity/unknown,filesystem,,rust_filesystem_semantic_coordinate_unresolved
cwe-22-unsupported,CWE-22,unsupported,UNSUPPORTED,false,UNSUPPORTED_COORDINATE,controls/unqualified-coordinate,,controls/unqualified-coordinate,unqualified runtime or framework coordinate,,
cwe-284-vulnerable,CWE-284,vulnerable,FINDING,true,RUNTIME_DIFFERENTIAL,apps/axum-product,,cwe-284-vulnerable,ACCESS_CONTROL,SIVERE.ACCESS_CONTROL.IMPROPER,
cwe-284-safe,CWE-284,safe,CLEAN,true,CLOSED_DENOMINATOR,apps/axum-product,,cwe-284-safe,ACCESS_CONTROL,,
cwe-284-unknown,CWE-284,unknown,UNKNOWN,false,CAPABILITY_GAP,apps/axum-product,,apps/axum-product,ACCESS_CONTROL,,declared_access_policy_required
cwe-284-unsupported,CWE-284,unsupported,UNSUPPORTED,false,UNSUPPORTED_COORDINATE,controls/unqualified-coordinate,,controls/unqualified-coordinate,unqualified runtime or framework coordinate,,
cwe-287-vulnerable,CWE-287,vulnerable,FINDING,true,RUNTIME_DIFFERENTIAL,apps/axum-product,,cwe-287-vulnerable,ACCESS_CONTROL,SIVERE.AUTHENTICATION.IMPROPER,
cwe-287-safe,CWE-287,safe,CLEAN,true,CLOSED_DENOMINATOR,apps/axum-product,,cwe-287-safe,ACCESS_CONTROL,,
cwe-287-unknown,CWE-287,unknown,UNKNOWN,false,CAPABILITY_GAP,apps/axum-product,,apps/axum-product,ACCESS_CONTROL,,declared_authentication_policy_required
cwe-287-unsupported,CWE-287,unsupported,UNSUPPORTED,false,UNSUPPORTED_COORDINATE,controls/unqualified-coordinate,,controls/unqualified-coordinate,unqualified runtime or framework coordinate,,
cwe-306-vulnerable,CWE-306,vulnerable,FINDING,true,RUNTIME_DIFFERENTIAL,apps/axum-product,,cwe-306-vulnerable,ACCESS_CONTROL,SIVERE.AUTHENTICATION.MISSING,
cwe-306-safe,CWE-306,safe,CLEAN,true,CLOSED_DENOMINATOR,apps/axum-product,,cwe-306-safe,ACCESS_CONTROL,,
cwe-306-unknown,CWE-306,unknown,UNKNOWN,false,CAPABILITY_GAP,apps/axum-product,,apps/axum-product,ACCESS_CONTROL,,declared_authentication_policy_required
cwe-306-unsupported,CWE-306,unsupported,UNSUPPORTED,false,UNSUPPORTED_COORDINATE,controls/unqualified-coordinate,,controls/unqualified-coordinate,unqualified runtime or framework coordinate,,
cwe-328-vulnerable,CWE-328,vulnerable,FINDING,true,RUNTIME_PROPERTY,apps/axum-product,/parity/vulnerable,/parity/vulnerable,hash_algorithm,IAST.CRYPTO.WEAK_HASH,
cwe-328-safe,CWE-328,safe,CLEAN,true,CLOSED_DENOMINATOR,apps/axum-product,/parity/safe,/parity/safe,hash_algorithm,,
cwe-328-unknown,CWE-328,unknown,UNKNOWN,false,CAPABILITY_GAP,apps/axum-product,/parity/unknown,/parity/unknown,hash_algorithm,,rust_hash_algorithm_semantic_coordinate_unresolved
cwe-328-unsupported,CWE-328,unsupported,UNSUPPORTED,false,UNSUPPORTED_COORDINATE,controls/unqualified-coordinate,,controls/unqualified-coordinate,unqualified runtime or framework coordinate,,
cwe-330-vulnerable,CWE-330,vulnerable,FINDING,true,RUNTIME_PROPERTY,apps/axum-product,/parity/vulnerable,/parity/vulnerable,random_generator,IAST.CRYPTO.WEAK_RANDOM,
cwe-330-safe,CWE-330,safe,CLEAN,true,CLOSED_DENOMINATOR,apps/axum-product,/parity/safe,/parity/safe,random_generator,,
cwe-330-unknown,CWE-330,unknown,UNKNOWN,false,CAPABILITY_GAP,apps/axum-product,/parity/unknown,/parity/unknown,random_generator,,rust_random_generator_semantic_coordinate_unresolved
cwe-330-unsupported,CWE-330,unsupported,UNSUPPORTED,false,UNSUPPORTED_COORDINATE,controls/unqualified-coordinate,,controls/unqualified-coordinate,unqualified runtime or framework coordinate,,
cwe-352-vulnerable,CWE-352,vulnerable,FINDING,true,RUNTIME_DIFFERENTIAL,apps/axum-product,,cwe-352-vulnerable,ACCESS_CONTROL,SIVERE.CSRF.MISSING_OR_INVALID,
cwe-352-safe,CWE-352,safe,CLEAN,true,CLOSED_DENOMINATOR,apps/axum-product,,cwe-352-safe,ACCESS_CONTROL,,
cwe-352-unknown,CWE-352,unknown,UNKNOWN,false,CAPABILITY_GAP,apps/axum-product,,apps/axum-product,ACCESS_CONTROL,,declared_csrf_policy_required
cwe-352-unsupported,CWE-352,unsupported,UNSUPPORTED,false,UNSUPPORTED_COORDINATE,controls/unqualified-coordinate,,controls/unqualified-coordinate,unqualified runtime or framework coordinate,,
cwe-362-vulnerable,CWE-362,vulnerable,FINDING,true,RUNTIME_DIFFERENTIAL,apps/axum-product,,cwe-362-vulnerable,WORKFLOW_SECURITY,SIVERE.CONCURRENCY.RACE_CONDITION,
cwe-362-safe,CWE-362,safe,CLEAN,true,CLOSED_DENOMINATOR,apps/axum-product,,cwe-362-safe,WORKFLOW_SECURITY,,
cwe-362-unknown,CWE-362,unknown,UNKNOWN,false,CAPABILITY_GAP,apps/axum-product,,apps/axum-product,WORKFLOW_SECURITY,,declared_concurrency_invariant_required
cwe-362-unsupported,CWE-362,unsupported,UNSUPPORTED,false,UNSUPPORTED_COORDINATE,controls/unqualified-coordinate,,controls/unqualified-coordinate,unqualified runtime or framework coordinate,,
cwe-400-vulnerable,CWE-400,vulnerable,FINDING,true,RUNTIME_EFFECT,apps/axum-product,/parity/vulnerable,/parity/vulnerable,regex,IAST.REGEX.DENIAL_OF_SERVICE,
cwe-400-safe,CWE-400,safe,CLEAN,true,CLOSED_DENOMINATOR,apps/axum-product,/parity/safe,/parity/safe,regex,,
cwe-400-unknown,CWE-400,unknown,UNKNOWN,false,CAPABILITY_GAP,apps/axum-product,/parity/unknown,/parity/unknown,regex,,rust_regex_semantic_coordinate_unresolved
cwe-400-unsupported,CWE-400,unsupported,UNSUPPORTED,false,UNSUPPORTED_COORDINATE,controls/unqualified-coordinate,,controls/unqualified-coordinate,unqualified runtime or framework coordinate,,
cwe-416-vulnerable,CWE-416,vulnerable,FINDING,true,RUNTIME_MEMORY,apps/axum-product,/rust-specific/cwe-416/vulnerable,/rust-specific/cwe-416/vulnerable,rust_memory_lifetime,IAST.RUST.MEMORY.USE_AFTER_FREE,
cwe-416-safe,CWE-416,safe,CLEAN,true,CLOSED_DENOMINATOR,apps/axum-product,/rust-specific/cwe-416/safe,/rust-specific/cwe-416/safe,rust_memory_lifetime,,
cwe-416-unknown,CWE-416,unknown,UNKNOWN,false,CAPABILITY_GAP,apps/axum-product,/rust-specific/cwe-416/unknown,/rust-specific/cwe-416/unknown,rust_memory_lifetime,,rust_memory_lifetime_semantic_coordinate_unresolved
cwe-416-unsupported,CWE-416,unsupported,UNSUPPORTED,false,UNSUPPORTED_COORDINATE,controls/unqualified-coordinate,,controls/unqualified-coordinate,unqualified runtime or framework coordinate,,
cwe-501-vulnerable,CWE-501,vulnerable,FINDING,true,RUNTIME_VALUE_FLOW,apps/axum-product,/parity/vulnerable,/parity/vulnerable,trust_boundary,IAST.TRUST_BOUNDARY.INJECTION,
cwe-501-safe,CWE-501,safe,CLEAN,true,CLOSED_DENOMINATOR,apps/axum-product,/parity/safe,/parity/safe,trust_boundary,,
cwe-501-unknown,CWE-501,unknown,UNKNOWN,false,CAPABILITY_GAP,apps/axum-product,/parity/unknown,/parity/unknown,trust_boundary,,rust_trust_boundary_semantic_coordinate_unresolved
cwe-501-unsupported,CWE-501,unsupported,UNSUPPORTED,false,UNSUPPORTED_COORDINATE,controls/unqualified-coordinate,,controls/unqualified-coordinate,unqualified runtime or framework coordinate,,
cwe-502-vulnerable,CWE-502,vulnerable,FINDING,true,RUNTIME_SEMANTIC,apps/axum-product,/parity/vulnerable,/parity/vulnerable,deserialization,IAST.DESERIALIZATION.INJECTION,
cwe-502-safe,CWE-502,safe,CLEAN,true,CLOSED_DENOMINATOR,apps/axum-product,/parity/safe,/parity/safe,deserialization,,
cwe-502-unknown,CWE-502,unknown,UNKNOWN,false,CAPABILITY_GAP,apps/axum-product,/parity/unknown,/parity/unknown,deserialization,,rust_deserialization_semantic_coordinate_unresolved
cwe-502-unsupported,CWE-502,unsupported,UNSUPPORTED,false,UNSUPPORTED_COORDINATE,controls/unqualified-coordinate,,controls/unqualified-coordinate,unqualified runtime or framework coordinate,,
cwe-532-vulnerable,CWE-532,vulnerable,FINDING,true,RUNTIME_VALUE_FLOW,apps/axum-product,/parity/vulnerable,/parity/vulnerable,sensitive_data,IAST.SENSITIVE_DATA.LOG_EXPOSURE,
cwe-532-safe,CWE-532,safe,CLEAN,true,CLOSED_DENOMINATOR,apps/axum-product,/parity/safe,/parity/safe,sensitive_data,,
cwe-532-unknown,CWE-532,unknown,UNKNOWN,false,CAPABILITY_GAP,apps/axum-product,/parity/unknown,/parity/unknown,sensitive_data,,rust_sensitive_data_semantic_coordinate_unresolved
cwe-532-unsupported,CWE-532,unsupported,UNSUPPORTED,false,UNSUPPORTED_COORDINATE,controls/unqualified-coordinate,,controls/unqualified-coordinate,unqualified runtime or framework coordinate,,
cwe-601-vulnerable,CWE-601,vulnerable,FINDING,true,RUNTIME_SEMANTIC,apps/axum-product,/parity/vulnerable,/parity/vulnerable,redirect,IAST.REDIRECT.INJECTION,
cwe-601-safe,CWE-601,safe,CLEAN,true,CLOSED_DENOMINATOR,apps/axum-product,/parity/safe,/parity/safe,redirect,,
cwe-601-unknown,CWE-601,unknown,UNKNOWN,false,CAPABILITY_GAP,apps/axum-product,/parity/unknown,/parity/unknown,redirect,,rust_redirect_semantic_coordinate_unresolved
cwe-601-unsupported,CWE-601,unsupported,UNSUPPORTED,false,UNSUPPORTED_COORDINATE,controls/unqualified-coordinate,,controls/unqualified-coordinate,unqualified runtime or framework coordinate,,
cwe-611-vulnerable,CWE-611,vulnerable,FINDING,true,RUNTIME_EFFECT,apps/axum-product,/parity/vulnerable,/parity/vulnerable,xml_external_entity,IAST.XML_EXTERNAL_ENTITY.INJECTION,
cwe-611-safe,CWE-611,safe,CLEAN,true,CLOSED_DENOMINATOR,apps/axum-product,/parity/safe,/parity/safe,xml_external_entity,,
cwe-611-unknown,CWE-611,unknown,UNKNOWN,false,CAPABILITY_GAP,apps/axum-product,/parity/unknown,/parity/unknown,xml_external_entity,,rust_xml_external_entity_semantic_coordinate_unresolved
cwe-611-unsupported,CWE-611,unsupported,UNSUPPORTED,false,UNSUPPORTED_COORDINATE,controls/unqualified-coordinate,,controls/unqualified-coordinate,unqualified runtime or framework coordinate,,
cwe-614-vulnerable,CWE-614,vulnerable,FINDING,true,RUNTIME_PROPERTY,apps/axum-product,/parity/vulnerable,/parity/vulnerable,cookie_attributes,IAST.COOKIE.SECURE_ATTRIBUTE_MISSING,
cwe-614-safe,CWE-614,safe,CLEAN,true,CLOSED_DENOMINATOR,apps/axum-product,/parity/safe,/parity/safe,cookie_attributes,,
cwe-614-unknown,CWE-614,unknown,UNKNOWN,false,CAPABILITY_GAP,apps/axum-product,/parity/unknown,/parity/unknown,cookie_attributes,,rust_cookie_attributes_semantic_coordinate_unresolved
cwe-614-unsupported,CWE-614,unsupported,UNSUPPORTED,false,UNSUPPORTED_COORDINATE,controls/unqualified-coordinate,,controls/unqualified-coordinate,unqualified runtime or framework coordinate,,
cwe-639-vulnerable,CWE-639,vulnerable,FINDING,true,RUNTIME_DIFFERENTIAL,apps/axum-product,,cwe-639-vulnerable,ACCESS_CONTROL,SIVERE.AUTHORIZATION.CROSS_TENANT,
cwe-639-safe,CWE-639,safe,CLEAN,true,CLOSED_DENOMINATOR,apps/axum-product,,cwe-639-safe,ACCESS_CONTROL,,
cwe-639-unknown,CWE-639,unknown,UNKNOWN,false,CAPABILITY_GAP,apps/axum-product,,apps/axum-product,ACCESS_CONTROL,,declared_tenant_policy_required
cwe-639-unsupported,CWE-639,unsupported,UNSUPPORTED,false,UNSUPPORTED_COORDINATE,controls/unqualified-coordinate,,controls/unqualified-coordinate,unqualified runtime or framework coordinate,,
cwe-643-vulnerable,CWE-643,vulnerable,FINDING,true,RUNTIME_SEMANTIC,apps/axum-product,/parity/vulnerable,/parity/vulnerable,xml_query,IAST.XML_QUERY.INJECTION,
cwe-643-safe,CWE-643,safe,CLEAN,true,CLOSED_DENOMINATOR,apps/axum-product,/parity/safe,/parity/safe,xml_query,,
cwe-643-unknown,CWE-643,unknown,UNKNOWN,false,CAPABILITY_GAP,apps/axum-product,/parity/unknown,/parity/unknown,xml_query,,rust_xml_query_semantic_coordinate_unresolved
cwe-643-unsupported,CWE-643,unsupported,UNSUPPORTED,false,UNSUPPORTED_COORDINATE,controls/unqualified-coordinate,,controls/unqualified-coordinate,unqualified runtime or framework coordinate,,
cwe-776-vulnerable,CWE-776,vulnerable,FINDING,true,RUNTIME_EFFECT,apps/axum-product,/parity/vulnerable,/parity/vulnerable,xml_entity_expansion,IAST.XML_ENTITY_EXPANSION.INJECTION,
cwe-776-safe,CWE-776,safe,CLEAN,true,CLOSED_DENOMINATOR,apps/axum-product,/parity/safe,/parity/safe,xml_entity_expansion,,
cwe-776-unknown,CWE-776,unknown,UNKNOWN,false,CAPABILITY_GAP,apps/axum-product,/parity/unknown,/parity/unknown,xml_entity_expansion,,rust_xml_entity_expansion_semantic_coordinate_unresolved
cwe-776-unsupported,CWE-776,unsupported,UNSUPPORTED,false,UNSUPPORTED_COORDINATE,controls/unqualified-coordinate,,controls/unqualified-coordinate,unqualified runtime or framework coordinate,,
cwe-78-vulnerable,CWE-78,vulnerable,FINDING,true,RUNTIME_SEMANTIC,apps/axum-product,/process/shell,/process/shell,process,IAST.PROCESS.INJECTION,
cwe-78-safe,CWE-78,safe,CLEAN,true,CLOSED_DENOMINATOR,apps/axum-product,/process/argv,/process/argv,process,,
cwe-78-unknown,CWE-78,unknown,UNKNOWN,false,CAPABILITY_GAP,apps/axum-product,/process/stored-builder,/process/stored-builder,process,,rust_macro_expanded_sink_requires_runtime_interposition
cwe-78-unsupported,CWE-78,unsupported,UNSUPPORTED,false,UNSUPPORTED_COORDINATE,controls/unqualified-coordinate,,controls/unqualified-coordinate,unqualified runtime or framework coordinate,,
cwe-787-vulnerable,CWE-787,vulnerable,FINDING,true,RUNTIME_MEMORY,apps/axum-product,/rust-specific/cwe-787/vulnerable,/rust-specific/cwe-787/vulnerable,rust_memory_write,IAST.RUST.MEMORY.OUT_OF_BOUNDS_WRITE,
cwe-787-safe,CWE-787,safe,CLEAN,true,CLOSED_DENOMINATOR,apps/axum-product,/rust-specific/cwe-787/safe,/rust-specific/cwe-787/safe,rust_memory_write,,
cwe-787-unknown,CWE-787,unknown,UNKNOWN,false,CAPABILITY_GAP,apps/axum-product,/rust-specific/cwe-787/unknown,/rust-specific/cwe-787/unknown,rust_memory_write,,rust_memory_write_semantic_coordinate_unresolved
cwe-787-unsupported,CWE-787,unsupported,UNSUPPORTED,false,UNSUPPORTED_COORDINATE,controls/unqualified-coordinate,,controls/unqualified-coordinate,unqualified runtime or framework coordinate,,
cwe-79-vulnerable,CWE-79,vulnerable,FINDING,true,RUNTIME_SEMANTIC,apps/axum-product,/html/active,/html/active,http_response,IAST.XSS.INJECTION,
cwe-79-safe,CWE-79,safe,CLEAN,true,CLOSED_DENOMINATOR,apps/axum-product,/html/encoded,/html/encoded,http_response,,
cwe-79-unknown,CWE-79,unknown,UNKNOWN,false,CAPABILITY_GAP,apps/axum-product,/html/unresolved,/html/unresolved,http_response,,rust_axum_html_body_type_unresolved
cwe-79-unsupported,CWE-79,unsupported,UNSUPPORTED,false,UNSUPPORTED_COORDINATE,controls/unqualified-coordinate,,controls/unqualified-coordinate,unqualified runtime or framework coordinate,,
cwe-840-vulnerable,CWE-840,vulnerable,FINDING,true,RUNTIME_DIFFERENTIAL,apps/axum-product,,cwe-840-vulnerable,WORKFLOW_SECURITY,SIVERE.BUSINESS_LOGIC.LIMIT_BYPASS,
cwe-840-safe,CWE-840,safe,CLEAN,true,CLOSED_DENOMINATOR,apps/axum-product,,cwe-840-safe,WORKFLOW_SECURITY,,
cwe-840-unknown,CWE-840,unknown,UNKNOWN,false,CAPABILITY_GAP,apps/axum-product,,apps/axum-product,WORKFLOW_SECURITY,,declared_business_invariant_required
cwe-840-unsupported,CWE-840,unsupported,UNSUPPORTED,false,UNSUPPORTED_COORDINATE,controls/unqualified-coordinate,,controls/unqualified-coordinate,unqualified runtime or framework coordinate,,
cwe-841-vulnerable,CWE-841,vulnerable,FINDING,true,RUNTIME_DIFFERENTIAL,apps/axum-product,,cwe-841-vulnerable,WORKFLOW_SECURITY,SIVERE.MULTI_SERVICE.FORBIDDEN_INTERACTION,
cwe-841-safe,CWE-841,safe,CLEAN,true,CLOSED_DENOMINATOR,apps/axum-product,,cwe-841-safe,WORKFLOW_SECURITY,,
cwe-841-unknown,CWE-841,unknown,UNKNOWN,false,CAPABILITY_GAP,apps/axum-product,,apps/axum-product,WORKFLOW_SECURITY,,declared_multiservice_protocol_required
cwe-841-unsupported,CWE-841,unsupported,UNSUPPORTED,false,UNSUPPORTED_COORDINATE,controls/unqualified-coordinate,,controls/unqualified-coordinate,unqualified runtime or framework coordinate,,
cwe-862-vulnerable,CWE-862,vulnerable,FINDING,true,RUNTIME_DIFFERENTIAL,apps/axum-product,,cwe-862-vulnerable,ACCESS_CONTROL,SIVERE.AUTHORIZATION.MISSING,
cwe-862-safe,CWE-862,safe,CLEAN,true,CLOSED_DENOMINATOR,apps/axum-product,,cwe-862-safe,ACCESS_CONTROL,,
cwe-862-unknown,CWE-862,unknown,UNKNOWN,false,CAPABILITY_GAP,apps/axum-product,,apps/axum-product,ACCESS_CONTROL,,declared_authorization_policy_required
cwe-862-unsupported,CWE-862,unsupported,UNSUPPORTED,false,UNSUPPORTED_COORDINATE,controls/unqualified-coordinate,,controls/unqualified-coordinate,unqualified runtime or framework coordinate,,
cwe-863-vulnerable,CWE-863,vulnerable,FINDING,true,RUNTIME_DIFFERENTIAL,apps/axum-product,,cwe-863-vulnerable,ACCESS_CONTROL,SIVERE.AUTHORIZATION.INCORRECT,
cwe-863-safe,CWE-863,safe,CLEAN,true,CLOSED_DENOMINATOR,apps/axum-product,,cwe-863-safe,ACCESS_CONTROL,,
cwe-863-unknown,CWE-863,unknown,UNKNOWN,false,CAPABILITY_GAP,apps/axum-product,,apps/axum-product,ACCESS_CONTROL,,declared_authorization_policy_required
cwe-863-unsupported,CWE-863,unsupported,UNSUPPORTED,false,UNSUPPORTED_COORDINATE,controls/unqualified-coordinate,,controls/unqualified-coordinate,unqualified runtime or framework coordinate,,
cwe-89-vulnerable,CWE-89,vulnerable,FINDING,true,RUNTIME_SEMANTIC,apps/axum-product,/sql/raw,/sql/raw,sql,IAST.SQL.INJECTION,
cwe-89-safe,CWE-89,safe,CLEAN,true,CLOSED_DENOMINATOR,apps/axum-product,/sql/constant,/sql/constant,sql,,
cwe-89-unknown,CWE-89,unknown,UNKNOWN,false,CAPABILITY_GAP,apps/axum-product,/sql/bound,/sql/bound,sql,,rust_sqlx_bound_parameters_require_typed_capture
cwe-89-unsupported,CWE-89,unsupported,UNSUPPORTED,false,UNSUPPORTED_COORDINATE,controls/unqualified-coordinate,,controls/unqualified-coordinate,unqualified runtime or framework coordinate,,
cwe-90-vulnerable,CWE-90,vulnerable,FINDING,true,RUNTIME_SEMANTIC,apps/axum-product,/parity/vulnerable,/parity/vulnerable,directory_query,IAST.LDAP.INJECTION,
cwe-90-safe,CWE-90,safe,CLEAN,true,CLOSED_DENOMINATOR,apps/axum-product,/parity/safe,/parity/safe,directory_query,,
cwe-90-unknown,CWE-90,unknown,UNKNOWN,false,CAPABILITY_GAP,apps/axum-product,/parity/unknown,/parity/unknown,directory_query,,rust_directory_query_semantic_coordinate_unresolved
cwe-90-unsupported,CWE-90,unsupported,UNSUPPORTED,false,UNSUPPORTED_COORDINATE,controls/unqualified-coordinate,,controls/unqualified-coordinate,unqualified runtime or framework coordinate,,
cwe-918-vulnerable,CWE-918,vulnerable,FINDING,true,RUNTIME_EFFECT,apps/axum-product,/outbound/dynamic,/outbound/dynamic,outbound_http,IAST.OUTBOUND_HTTP.INJECTION,
cwe-918-safe,CWE-918,safe,CLEAN,true,CLOSED_DENOMINATOR,apps/axum-product,/outbound/constant,/outbound/constant,outbound_http,,
cwe-918-unknown,CWE-918,unknown,UNKNOWN,false,CAPABILITY_GAP,apps/axum-product,/outbound/builder,/outbound/builder,outbound_http,,rust_outbound_http_builder_requires_typed_capture
cwe-918-unsupported,CWE-918,unsupported,UNSUPPORTED,false,UNSUPPORTED_COORDINATE,controls/unqualified-coordinate,,controls/unqualified-coordinate,unqualified runtime or framework coordinate,,
cwe-94-vulnerable,CWE-94,vulnerable,FINDING,true,RUNTIME_EFFECT,apps/axum-product,/parity/vulnerable,/parity/vulnerable,code,IAST.CODE.INJECTION,
cwe-94-safe,CWE-94,safe,CLEAN,true,CLOSED_DENOMINATOR,apps/axum-product,/parity/safe,/parity/safe,code,,
cwe-94-unknown,CWE-94,unknown,UNKNOWN,false,CAPABILITY_GAP,apps/axum-product,/parity/unknown,/parity/unknown,code,,rust_code_semantic_coordinate_unresolved
cwe-94-unsupported,CWE-94,unsupported,UNSUPPORTED,false,UNSUPPORTED_COORDINATE,controls/unqualified-coordinate,,controls/unqualified-coordinate,unqualified runtime or framework coordinate,,
cwe-943-vulnerable,CWE-943,vulnerable,FINDING,true,RUNTIME_SEMANTIC,apps/axum-product,/parity/vulnerable,/parity/vulnerable,nosql,IAST.NOSQL.INJECTION,
cwe-943-safe,CWE-943,safe,CLEAN,true,CLOSED_DENOMINATOR,apps/axum-product,/parity/safe,/parity/safe,nosql,,
cwe-943-unknown,CWE-943,unknown,UNKNOWN,false,CAPABILITY_GAP,apps/axum-product,/parity/unknown,/parity/unknown,nosql,,rust_nosql_semantic_coordinate_unresolved
cwe-943-unsupported,CWE-943,unsupported,UNSUPPORTED,false,UNSUPPORTED_COORDINATE,controls/unqualified-coordinate,,controls/unqualified-coordinate,unqualified runtime or framework coordinate,,
rust-build-rs-execution-vulnerable,RUST-BUILD-RS-EXECUTION,vulnerable,FINDING,true,BUILD_PROVENANCE,application,,application,security-relevant operation,,
rust-build-rs-execution-safe,RUST-BUILD-RS-EXECUTION,safe,CLEAN,true,CLOSED_DENOMINATOR,application,,application,security-relevant operation,,
rust-build-rs-execution-unknown,RUST-BUILD-RS-EXECUTION,unknown,UNKNOWN,false,CAPABILITY_GAP,application,,application,security-relevant operation,,
rust-build-rs-execution-unsupported,RUST-BUILD-RS-EXECUTION,unsupported,UNSUPPORTED,false,UNSUPPORTED_COORDINATE,controls/unqualified-coordinate,,controls/unqualified-coordinate,unqualified runtime or framework coordinate,,
rust-ffi-boundary-vulnerable,RUST-FFI-BOUNDARY,vulnerable,FINDING,true,RUNTIME_MEMORY,apps/axum-product,/rust-specific/ffi/vulnerable,/rust-specific/ffi/vulnerable,rust_ffi_boundary,IAST.RUST.FFI.CONTRACT,
rust-ffi-boundary-safe,RUST-FFI-BOUNDARY,safe,CLEAN,true,CLOSED_DENOMINATOR,apps/axum-product,/rust-specific/ffi/safe,/rust-specific/ffi/safe,rust_ffi_boundary,,
rust-ffi-boundary-unknown,RUST-FFI-BOUNDARY,unknown,UNKNOWN,false,CAPABILITY_GAP,apps/axum-product,/rust-specific/ffi/unknown,/rust-specific/ffi/unknown,rust_ffi_boundary,,rust_ffi_boundary_semantic_coordinate_unresolved
rust-ffi-boundary-unsupported,RUST-FFI-BOUNDARY,unsupported,UNSUPPORTED,false,UNSUPPORTED_COORDINATE,controls/unqualified-coordinate,,controls/unqualified-coordinate,unqualified runtime or framework coordinate,,
rust-panic-dos-vulnerable,RUST-PANIC-DOS,vulnerable,FINDING,true,RUNTIME_EFFECT,apps/axum-product,/rust-specific/panic/vulnerable,/rust-specific/panic/vulnerable,rust_panic_dos,IAST.RUST.PANIC.DENIAL_OF_SERVICE,
rust-panic-dos-safe,RUST-PANIC-DOS,safe,CLEAN,true,CLOSED_DENOMINATOR,apps/axum-product,/rust-specific/panic/safe,/rust-specific/panic/safe,rust_panic_dos,,
rust-panic-dos-unknown,RUST-PANIC-DOS,unknown,UNKNOWN,false,CAPABILITY_GAP,apps/axum-product,/rust-specific/panic/unknown,/rust-specific/panic/unknown,rust_panic_dos,,rust_panic_dos_semantic_coordinate_unresolved
rust-panic-dos-unsupported,RUST-PANIC-DOS,unsupported,UNSUPPORTED,false,UNSUPPORTED_COORDINATE,controls/unqualified-coordinate,,controls/unqualified-coordinate,unqualified runtime or framework coordinate,,
rust-proc-macro-execution-vulnerable,RUST-PROC-MACRO-EXECUTION,vulnerable,FINDING,true,BUILD_PROVENANCE,application,,application,security-relevant operation,,
rust-proc-macro-execution-safe,RUST-PROC-MACRO-EXECUTION,safe,CLEAN,true,CLOSED_DENOMINATOR,application,,application,security-relevant operation,,
rust-proc-macro-execution-unknown,RUST-PROC-MACRO-EXECUTION,unknown,UNKNOWN,false,CAPABILITY_GAP,application,,application,security-relevant operation,,
rust-proc-macro-execution-unsupported,RUST-PROC-MACRO-EXECUTION,unsupported,UNSUPPORTED,false,UNSUPPORTED_COORDINATE,controls/unqualified-coordinate,,controls/unqualified-coordinate,unqualified runtime or framework coordinate,,
rust-unsafe-block-vulnerable,RUST-UNSAFE-BLOCK,vulnerable,FINDING,true,RUNTIME_MEMORY,apps/axum-product,/rust-specific/unsafe/vulnerable,/rust-specific/unsafe/vulnerable,rust_unsafe_block,IAST.RUST.UNSAFE.PRECONDITION,
rust-unsafe-block-safe,RUST-UNSAFE-BLOCK,safe,CLEAN,true,CLOSED_DENOMINATOR,apps/axum-product,/rust-specific/unsafe/safe,/rust-specific/unsafe/safe,rust_unsafe_block,,
rust-unsafe-block-unknown,RUST-UNSAFE-BLOCK,unknown,UNKNOWN,false,CAPABILITY_GAP,apps/axum-product,/rust-specific/unsafe/unknown,/rust-specific/unsafe/unknown,rust_unsafe_block,,rust_unsafe_block_semantic_coordinate_unresolved
rust-unsafe-block-unsupported,RUST-UNSAFE-BLOCK,unsupported,UNSUPPORTED,false,UNSUPPORTED_COORDINATE,controls/unqualified-coordinate,,controls/unqualified-coordinate,unqualified runtime or framework coordinate,,
